page,sentence,head,tail,reldescription,time,inferredtime,type,sourceintext,sourceinfootnote,sourcedate,comments
9,"This report is submitted to the Attorney General pursuant to 28 C.F.R. ยง 600.8(c), which states that, ""[a]t the conclusion of the Special Counsel's work, he ... shall provide the Attorney General a confidential report explaining the prosecution or declination decisions [the Special Counsel] reached."" ",Special Counsel,Attorney General ,report,,,neutral,,,,
9," In June, the Democratic National Committee and its cyber response team publicly announced that Russian hackers had compromised its computer network.",Russian hackers,Democratic National Committee,hacking,,2016,negative,Democractic National Committee,,,
9,"In late July 2016, soon after WikiLeaks's first release of stolen documents, a foreign government contacted the FBI about a May 2016 encounter with Trump Campaign foreign policy advisor Papadopoulos. ",a foreign government,FBI,contact,16-Jul,,neutral,,,,
9,"In late July 2016, soon after WikiLeaks's first release of stolen documents, a foreign government contacted the FBI about a May 2016 encounter with Trump Campaign foreign policy advisor Papadopoulos. ",a foreign government,Papadopoulos,encounter,16-May,,neutral,,,,
9,Papadopoulos had suggested to a representative of that foreign government that the Trump Campaign had received indications from the Russian government that it could assist the  Campaign through the  anonymous release of information damaging to Democratic presidential candidate Clinton. ,Papadopoulos,foreign government,suggestion,16-May,,neutral,,,,
9,Papadopoulos had suggested to a representative of that foreign government that the Trump Campaign had received indications from the Russian government that it could assist the  Campaign through the  anonymous release of information damaging to Democratic presidential candidate Clinton. ,Russian government,Trump Campaign,assistance,16-May,,positive,,,,
9,"That information prompted the FBI on July 31, 2016, to open an investigation into whether individuals associated with the Trump Campaign were coordinating with the Russian government in its interference activities. ",FBI,Trump Campaign,investigation,31/7/2016,,neutral,,,,
9,"That information prompted the FBI on July 31, 2016, to open an investigation into whether individuals associated with the Trump Campaign were coordinating with the Russian government in its interference activities. ",Trump Campaign,Russian government,coordination,,2016,positive,,,,
9,"After the election, in late December 2016, the United States imposed sanctions on Russia for having interfered in the election.  ",the United States,Russia ,sanction,16-Dec,,negative,,,,
9,"By early 2017, several congressional committees were examining Russia's interference in the election. ",congressional committees,Russia,examination,2017,,neutral,,,,
9,"The order appointing the Special Counsel authorized him to  investigate  ""the Russian government's efforts to  interfere  in the  2016 presidential election,"" including any links or coordination between the Russian government and individuals associated with the Trump Campaign. ",Special Counsel,Russian government,investigation,2017,,neutral,,,,
9,"The order appointing the Special Counsel authorized him to  investigate  ""the Russian government's efforts to  interfere  in the  2016 presidential election,"" including any links or coordination between the Russian government and individuals associated with the Trump Campaign. ",Russian government,Trump Campaign,coordination,,2016,positive,,,,
9,"As set forth in detail in this report, the Special Counsel's investigation established that Russia interfere in the 2016 presidential election principally through two operations.  ",Special Counsel,Russia,investigation,,2017,neutral,,,,
9,"First, a Russian entity carried out a social media Campaign that favored presidential candidate Donald J. Trump and disparaged presidential candidate Clinton. ",a Russian entity,Donald J. Trump,media Campaign endorsement,2016,,positive,,,,
9,"First, a Russian entity carried out a social media Campaign that favored presidential candidate Donald J. Trump and disparaged presidential candidate Clinton. ",a Russian entity,Clinton,media Campaign disparagment ,,2016,negative,,,,
9,"Second, a Russian intelligence service conducted computer-intrusion operations against entities, employees, and volunteers working on the Clinton Campaign and then released stolen documents. ",a Russian intelligence service,Clinton Campaign,computer intrusion,,2016,negative,,,,
9,The investigation also identified numerous links between the Russian government and the Trump Campaign. ,Russian government,Trump Campaign,link,,2016,positive,,,,
9,"Although the investigation established that the Russian government perceived it would benefit from a Trump presidency and worked to secure that outcome, and that the Campaign expected it would benefit electorally from information stolen and released through Russian efforts, the investigation did not establish that members of the Trump Campaign conspired or coordinated with the Russian government in its election interference activities. ",Russian government,Trump presidency,benefit,,2016,positive,,,,
9,"Although the investigation established that the Russian government perceived it would benefit from a Trump presidency and worked to secure that outcome, and that the Campaign expected it would benefit electorally from information stolen and released through Russian efforts, the investigation did not establish that members of the Trump Campaign conspired or coordinated with the Russian government in its election interference activities. ",Trump Campaign,Russian government,(no) coordination,,2016,neutral,,,,
10,"In connection with that analysis, we addressed the factual question whether members of the Trump Campaign ""coordinat[ ed]""-a term that appears in  the  appointment order-with Russian election interference  activities.  ",Trump Campaign,Russian election interference  activities,coordination,,2016,neutral,,,,
10,We understood coordination to require an agreement-tacit or express- between the Trump Campaign and the Russian government on election interference.  ,Russian government,Trump Campaign,coordination,,2016,neutral,,,,
10,We applied the term coordination in that sense when stating in the report that the investigation did not establish that the Trump Campaign coordinated with the Russian government in its election interference activities.,Trump Campaign,Russian government,(no) coordination,,2016,neutral,,,,
10,Volume I describes the factual results of the Special Counsel's investigation of Russia's interference in the 2016 presidential election and its interactions with the Trump Campaign. ,Special Counsel,Russia,investigation,,,neutral,,,,
10,Volume I describes the factual results of the Special Counsel's investigation of Russia's interference in the 2016 presidential election and its interactions with the Trump Campaign. ,Russia,Trump Campaign,interaction,,2016,neutral,,,,
11,"Volume II addresses the President's actions towards the FBI's investigation into Russia' s interference in the 2016 presidential election and related matters, and his actions towards the Special Counsel' s investigation. ",the President,FBI,action,,,neutral,,,,
11,"Volume II addresses the President's actions towards the FBI's investigation into Russia' s interference in the 2016 presidential election and related matters, and his actions towards the Special Counsel' s investigation. ",the President,Special Counsel,action,,,neutral,,,,
12,The Internet Research Agency (IRA)  carried out the  earliest Russian interference operations identified by the investigation- a social media Campaign designed to provoke and amplify political and social discord in the United States.,IRA,the United States,interference,,,negative,,,,
12,"The IRA was based in St. Petersburg, Russia, and received funding from Russian oligarch Yevgeniy Prigozhin and companies he controlled. ",Yevgeniy Prigozhin,IRA,funding,,,positive,,,,
12,Prigozhin is widely reported to have ties to Russian President Putin,Prigozhin,Putin,association,,,neutral,,,,
12,"In mid-2014, the IRA sent employees to the United States on an intelligence-gathering mission with instruciton.",IRA,the United States,intelligence-gathering,2014,,negative,,,,
12,"The IRA later used social media accounts and interest groups to sow discord in the U.S. political system through what it termed ""information warfare."" ",IRA,U.S. political system,information warfare,,,negative,,,,
12,"The Campaign evolved from a generalized program designed in 2014 and 2015 to  undermine the U.S. electoral system, to a targeted operation that by early 2016 favored candidate Trump and disparaged candidate Clinton. ",The Campaign,U.S. electoral system,undermining,2014-2015,,negative,,,,
12,"The Campaign evolved from a generalized program designed in 2014 and 2015 to  undermine the U.S. electoral system, to a targeted operation that by early 2016 favored candidate Trump and disparaged candidate Clinton. ",The Campaign,Trump,favoring,2016,,positive,,,,
12,"The Campaign evolved from a generalized program designed in 2014 and 2015 to  undermine the U.S. electoral system, to a targeted operation that by early 2016 favored candidate Trump and disparaged candidate Clinton. ",The Campaign,Clinton,disparaging ,2016,,negative,,,,
12,"The IRA' s operation also included the purchase of political advertisements on social media in the names of U.S. persons and entities, as well as the staging of political rallies inside the United States. ",IRA,the United States,operation,,,negative,,,,
12,"To organize those rallies, IRA employees posed as U.S. grassroots entities and persons and made contact with Trump supporters and Trump Campaign officials in the United States. ",IRA,Trump supporters,contact,,,neutral,,,,
12,"To organize those rallies, IRA employees posed as U.S. grassroots entities and persons and made contact with Trump supporters and Trump Campaign officials in the United States. ",IRA,Trump Campaign,contact,,,neutral,,,,
12,"At the same time that the IRA operation began to focus on supporting candidate Trump in early 2016, the Russian government employed a second form of interference:  cyber intrusions (hacking) and releases of hacked materials damaging to the Clinton Campaign. ",IRA,Trump,support,2016,,positive,,,,
12,"At the same time that the IRA operation began to focus on supporting candidate Trump in early 2016, the Russian government employed a second form of interference:  cyber intrusions (hacking) and releases of hacked materials damaging to the Clinton Campaign. ",IRA,Clinton Campaign,hacking,2016,,negative,,,,
12,"In March 2016, the  GRU began hacking the  email accounts of Clinton Campaign volunteers and employees, including Campaign chairman John Podesta. ",GRU,Clinton Campaign,hacking,16-Mar,,negative,,,,
12,"In March 2016, the  GRU began hacking the  email accounts of Clinton Campaign volunteers and employees, including Campaign chairman John Podesta. ",GRU,John Podesta,hacking,16-Mar,,negative,,,,
12,"In March 2016, the  GRU began hacking the  email accounts of Clinton Campaign volunteers and employees, including Campaign chairman John Podesta. ",John Podesta,Clinton Campaign,employment,,,is part of,,,,
12,"In April 2016, the GRU hacked into the computer networks of the Democratic Congressional Campaign Committee (DCCC) and the Democratic National Committee (DNC). ",GRU,DCCC,hacking,16-Apr,,negative,,,,
12,"In April 2016, the GRU hacked into the computer networks of the Democratic Congressional Campaign Committee (DCCC) and the Democratic National Committee (DNC). ",GRU,DNC,hacking,16-Apr,,negative,,,,
12,"Around the time that the DNC announced in mid-June 2016 the Russian government's role in hacking its network, the GRU began disseminating stolen materials through the fictitious online personas ""DCLeaks"" and ""Guccifer 2.0.""",DNC,Russian government,hacking accusation,16-Jun,,negative,,,,
12,"Around the time that the DNC announced in mid-June 2016 the Russian government's role in hacking its network, the GRU began disseminating stolen materials through the fictitious online personas ""DCLeaks"" and ""Guccifer 2.0.""",DCLeaks,GRU,online persona,16-Jun,,is part of,,,,
12,"Around the time that the DNC announced in mid-June 2016 the Russian government's role in hacking its network, the GRU began disseminating stolen materials through the fictitious online personas ""DCLeaks"" and ""Guccifer 2.0.""",Guccifer 2.0,GRU,online persona,16-Jun,,is part of,,,,
12,The GRU later released additional materials through the organization WikiLeaks. ,GRU,WikiLeaks,information release,,2016,neutral,,,,
13,"The presidential Campaign of Donald J. Trump (""Trump Campaign"" or ""Campaign"") showed interest in WikiLeaks' s releases of documents and welcomed their  potential to damage candidate Clinton.  ",Trump Campaign,WikiLeaks,interest,,2016,positive,,,,
13,"The presidential Campaign of Donald J. Trump (""Trump Campaign"" or ""Campaign"") showed interest in WikiLeaks' s releases of documents and welcomed their  potential to damage candidate Clinton.  ",WikiLeaks,Clinton,damage,,2016,negative,,,,
13,"Beginning in June 2016,  [Harm to Ongoing Matter] forecast to senior Campaign officials that WikiLeaks would release information damaging to candidate Clinton. ",WikiLeaks,Clinton,damage,16-Jun,,negative,,,,
13,"Around the same time, candidate Trump announced that he hoped Russia would recover emails described as missing from a private server used by  Clinton when she was Secretary  of State (he later said that he was speaking  sarcastically).",Trump,Russia,expectation,16-Jul,,positive,,,,
13,"Around the same time, candidate Trump announced that he hoped Russia would recover emails described as missing from a private server used by  Clinton when she was Secretary  of State (he later said that he was speaking  sarcastically).",Russia,Clinton,recover of missing emails,,,negative,,,,
13,"WikiLeaks began releasing Podesta' s stolen emails on October 7, 2016, less than one hour after a U.S. media outlet released video considered damaging to candidate Trump. ",WikiLeaks,Podesta,email release,7/10/16,,negative,,,,
13,"WikiLeaks began releasing Podesta' s stolen emails on October 7, 2016, less than one hour after a U.S. media outlet released video considered damaging to candidate Trump. ",U.S. media,Trump,video release,7/10/16,,negative,,,,
13,"Section lII of this Report details the Office's investigation into the Russian hacking operations, as well as other efforts by Trump Campaign supporters to obtain Clinton-related emails.",Trump Campaign,Clinton,email obtainment ,,,neutral,,,,
13,The social media Campaign and the GRU hacking operations coincided with a series of contacts between Trump Campaign officials and individuals with ties to the Russian government. ,Trump Campaign,Russian government,contact,,,neutral,,,,
13,The Office investigated whether those contacts reflected or resulted in the Campaign conspiring or coordinating with Russia in its election-interference activities.  ,Campaign,Russia,coordination,,2016,neutral,,,,
13,"Although the investigation established that the Russian government perceived it would benefit from a Trump presidency and worked to secure that outcome, and that the Campaign expected it would benefit electorally from information stolen and released through Russian efforts, the investigation did not establish that members of the Trump Campaign conspired or coordinated with the Russian government in its election interference activities. ",Russian government,Trump,benefit,,,positive,,,,
13,"Although the investigation established that the Russian government perceived it would benefit from a Trump presidency and worked to secure that outcome, and that the Campaign expected it would benefit electorally from information stolen and released through Russian efforts, the investigation did not establish that members of the Trump Campaign conspired or coordinated with the Russian government in its election interference activities. ",Trump Campaign,Russian government,benefit,,,positve,,,,
13,"Although the investigation established that the Russian government perceived it would benefit from a Trump presidency and worked to secure that outcome, and that the Campaign expected it would benefit electorally from information stolen and released through Russian efforts, the investigation did not establish that members of the Trump Campaign conspired or coordinated with the Russian government in its election interference activities. ",Trump Campaign,Russian government,(no) coordination,,,neutral,,,,
13,"The Russian contacts consisted of business connections, offers of assistance to  the Campaign, invitations for candidate Trump and Putin to meet in person, invitations for Campaign officials and representatives of the Russian government to meet, and policy positions seeking improved U.S.-Russian relations.  ",Russian contacts,the Campaign,assistance,,,positive,,,,
13,"The Russian contacts consisted of business connections, offers of assistance to  the Campaign, invitations for candidate Trump and Putin to meet in person, invitations for Campaign officials and representatives of the Russian government to meet, and policy positions seeking improved U.S.-Russian relations.  ",Trump,Putin,meeting,,,positive,,,,
13,"The Russian contacts consisted of business connections, offers of assistance to  the Campaign, invitations for candidate Trump and Putin to meet in person, invitations for Campaign officials and representatives of the Russian government to meet, and policy positions seeking improved U.S.-Russian relations.  ",the Campaign,Russian government,meeting ,,,positive,,,,
13,"Section IV of this Report details the contacts between Russia and the Trump Campaign during the Campaign and transition periods, the most salient of which are summarized below in chronological order. 
",Russia,Trump Campaign,contact,,,positive,,,,
13,2015. Some of the earliest contacts were made in connection with a Trump Organization real-estate project in Russia known as Trump Tower Moscow. ,Trump Tower Moscow,Trump Organization,real-estate project,2015,,in part of ,,,,
13,"Candidate Trump signed a Letter of lntent for Trump Tower Moscow by November 2015, and in January 2016 Trump Organization executive Michael Cohen emailed and spoke about the project with the office of Russian government press secretary Dmitry Peskov. ",Trump,Trump Tower Moscow,letter of intent signing,15-Nov,,in part of ,,,,
13,"Candidate Trump signed a Letter of lntent for Trump Tower Moscow by November 2015, and in January 2016 Trump Organization executive Michael Cohen emailed and spoke about the project with the office of Russian government press secretary Dmitry Peskov. ",Michael Cohen,Trump Organization,executive,,,in part of ,,,,
13,"Candidate Trump signed a Letter of lntent for Trump Tower Moscow by November 2015, and in January 2016 Trump Organization executive Michael Cohen emailed and spoke about the project with the office of Russian government press secretary Dmitry Peskov. ",Michael Cohen,Dmitry Peskov,correspondence,16-Jan,,neutral,,,,
13,"The Trump Organization pursued the project through at least June 2016, including by considering travel to Russia by Cohen and candidate Trump.",Trump,Trump Organization,business travel,16-Jun,,in part of ,,,,
13,"The Trump Organization pursued the project through at least June 2016, including by considering travel to Russia by Cohen and candidate Trump.",Cohen,Trump Organization,business travel,16-Jun,,in part of ,,,,
13,"Spring 2016. Campaign foreign policy advisor Papadopoulos made early contact with Mifsud, a London-based professor who had connections to Russia and traveled to Moscow in April 2016.  ",Papadopoulos,Mifsud,contact,16-Apr,,neutral,,,,
13,"Spring 2016. Campaign foreign policy advisor Papadopoulos made early contact with Mifsud, a London-based professor who had connections to Russia and traveled to Moscow in April 2016.  ",Mifsud,Russia,connection,,,neutral,,,,
13,"Immediately upon his return to  London from that trip, Mifsud told Papadopoulos that the Russian government had ""dirt"" on Clinton in the form of thousands of emails.",Mifsud,Papadopoulos,information,16-Apr,,neutral,,,,
13,"Immediately upon his return to  London from that trip, Mifsud told Papadopoulos that the Russian government had ""dirt"" on Clinton in the form of thousands of emails.",Russian government,Clinton,email obtainment ,,,negative,Mifsud,,,
14,"One week later, in  the first week of May 2016,  Papadopoulos suggested to a representative of a foreign government that the Trump Campaign had received indications from the Russian government that it could assist the Campaign through the anonymous release of information damaging to candidate Clinton. ",Papadopoulos,a foreign government,suggestion,16-May,,neutral,,,,
14,"One week later, in  the first week of May 2016,  Papadopoulos suggested to a representative of a foreign government that the Trump Campaign had received indications from the Russian government that it could assist the Campaign through the anonymous release of information damaging to candidate Clinton. ",Russian government,Trump Campaign,assistance,16-May,,positive,Papadopoulos,,,
14,"One week later, in  the first week of May 2016,  Papadopoulos suggested to a representative of a foreign government that the Trump Campaign had received indications from the Russian government that it could assist the Campaign through the anonymous release of information damaging to candidate Clinton. ",Russian government,Clinton,damage,16-May,,negative,Papadopoulos,,,
14,"Throughout that period of time and for several months thereafter, Papadopoulos worked with Mifsud and two Russian nationals to arrange a meeting between the Campaign and the Russian government. ",Papadopoulos,Mifsud,work,2016,,neutral,,,,
14,"Throughout that period of time and for several months thereafter, Papadopoulos worked with Mifsud and two Russian nationals to arrange a meeting between the Campaign and the Russian government. ",Papadopoulos,two Russian nationals,work,2016,,neutral,,,,
14,"Throughout that period of time and for several months thereafter, Papadopoulos worked with Mifsud and two Russian nationals to arrange a meeting between the Campaign and the Russian government. ",Mifsud,two Russian nationals,work,2016,,neutral,,,,
14,"Throughout that period of time and for several months thereafter, Papadopoulos worked with Mifsud and two Russian nationals to arrange a meeting between the Campaign and the Russian government. ",Campaign,Russian government,meeting,2016,,neutral,,,,
14,"Summer 2016. Russian outreach to the Trump Campaign continued into the summer of 2016, as candidate Trump was becoming the presumptive Republican nominee for President. ",Russian,Trump Campaign,contact,2016,,neutral,,,,
14,"On June 9, 2016, for example, a Russian lawyer met with senior Trump Campaign officials Trump Jr., Kushner, and Campaign chairman Manafort to deliver what the email proposing the  meeting had described as ""official documents and information  that  would incriminate Hillary.""  ",a Russian lawyer,Trump Jr.,meeting ,9/6/16,,neutral,,,,
14,"On June 9, 2016, for example, a Russian lawyer met with senior Trump Campaign officials Trump Jr., Kushner, and Campaign chairman Manafort to deliver what the email proposing the  meeting had described as ""official documents and information  that  would incriminate Hillary.""  ",a Russian lawyer,Kushner,meeting ,9/6/16,,neutral,,,,
14,"On June 9, 2016, for example, a Russian lawyer met with senior Trump Campaign officials Trump Jr., Kushner, and Campaign chairman Manafort to deliver what the email proposing the  meeting had described as ""official documents and information  that  would incriminate Hillary.""  ",a Russian lawyer,Manafort,meeting ,9/6/16,,neutral,,,,
14,"On June 9, 2016, for example, a Russian lawyer met with senior Trump Campaign officials Trump Jr., Kushner, and Campaign chairman Manafort to deliver what the email proposing the  meeting had described as ""official documents and information  that  would incriminate Hillary.""  ",Trump Jr.,Kushner,meeting ,9/6/16,,neutral,,,,
14,"On June 9, 2016, for example, a Russian lawyer met with senior Trump Campaign officials Trump Jr., Kushner, and Campaign chairman Manafort to deliver what the email proposing the  meeting had described as ""official documents and information  that  would incriminate Hillary.""  ",Trump Jr.,Manafort,meeting ,9/6/16,,neutral,,,,
14,"On June 9, 2016, for example, a Russian lawyer met with senior Trump Campaign officials Trump Jr., Kushner, and Campaign chairman Manafort to deliver what the email proposing the  meeting had described as ""official documents and information  that  would incriminate Hillary.""  ",Kushner,Manafort,meeting ,9/6/16,,neutral,,,,
14,"The materials were offered to Trump Jr. as ""part of Russia and its government's support for Mr. Trump.""  ",Russia,Trump Jr.,offer,9/6/16,,positive,,,,
14,"The materials were offered to Trump Jr. as ""part of Russia and its government's support for Mr. Trump.""  ",Russia,Trump,support,9/6/16,,positive,,,,
14,"The written communications setting up the meeting showed that the Campaign anticipated receiving information from Russia that could assist candidate Trump's electoral prospects, but the Russian lawyer's presentation did not provide such information. ",Russia,the Campaign,information,9/6/16,,positive,,,,
14,"The written communications setting up the meeting showed that the Campaign anticipated receiving information from Russia that could assist candidate Trump's electoral prospects, but the Russian lawyer's presentation did not provide such information. ",Russia,Trump,assistance,9/6/16,,positive,,,,
14,"Days after the June 9 meeting, on June 14, 2016, a cybersecurity firm and the DNC announced that Russian government hackers had infiltrated the DNC and obtained access to opposition research on candidate Trump, among other documents. ",Russian government hackers,DNC,hacking,14/6/2016,,negative,DNC,,,
14,"Days after the June 9 meeting, on June 14, 2016, a cybersecurity firm and the DNC announced that Russian government hackers had infiltrated the DNC and obtained access to opposition research on candidate Trump, among other documents. ",DNC,Trump,research,14/6/2016,,neutral,DNC,,,
14,"In July 2016, Campaign foreign policy advisor Page traveled in his personal capacity to Moscow and gave the keynote address at the New Economic School. ",Page,New Economic School,keynote speech delivery,16-Jul,,neutral,,,,
14,"After returning to the United States, Page became acquainted with at least two Russian intelligence officers, one of whom was later charged in 2015 with conspiracy to act as an unregistered agent of Russia. ",Page,two Russian intelligence officers,acquaintance,,,neutral,,,,
14,"The Campaign then distanced itself from Page and, by late September 2016, removed him from the Campaign. ",Campaign,Page,distance,16-Jul,,negative,,,,
14,"The Campaign then distanced itself from Page and, by late September 2016, removed him from the Campaign. ",Campaign,Page,removal,16-Sep,,negative,,,,
14,July 2016 was also the month WikiLeaks first released emails stolen by the GRU from the DNC. ,GRU,DNC,email theft,,2016,negative,,,,
14,July 2016 was also the month WikiLeaks first released emails stolen by the GRU from the DNC. ,WikiLeaks,DNC,email release,16-Jul,,negative,,,,
14,"On July 22, 2016, WikiLeaks posted thousands of internal DNC documents revealing information about the Clinton Campaign.  ",WikiLeaks,DNC,email release,22/7/2016,,negative,,,,
14,"On July 22, 2016, WikiLeaks posted thousands of internal DNC documents revealing information about the Clinton Campaign.  ",WikiLeaks,Clinton Campaign,information reveal,22/7/2016,,negative,,,,
14,"Within days, there was public reporting that U.S. intelligence agencies had ""high confidence"" that the Russian government was behind the theft of emails and documents from the DNC. ",Russian government,DNC,email theft,,16-Jul,negative,U.S. intelligence agencies,,,
14,"And within a week of the release, a foreign government informed the FBI about its May 2016 interaction with Papadopoulos and his statement that the Russian government could assist the Trump Campaign. ",a foreign government,FBI,information,,16-Jul,neutral,,,,
14,"And within a week of the release, a foreign government informed the FBI about its May 2016 interaction with Papadopoulos and his statement that the Russian government could assist the Trump Campaign. ",a foreign government,Papadopoulos,interaction,16-May,,neutral,,,,
14,"And within a week of the release, a foreign government informed the FBI about its May 2016 interaction with Papadopoulos and his statement that the Russian government could assist the Trump Campaign. ",Russian government,Trump Campaign,assistance,,5-Jul,positive,Papadopoulos,,,
14,"On July 31, 2016, based on the foreign government rep01ting, the FBI opened an investigation into potential coordination between the Russian government and individuals associated with the Trump Campaign. ",FBI,Trump Campaign,investigation,31/7/2016,,neutral,,,,
14,"On July 31, 2016, based on the foreign government rep01ting, the FBI opened an investigation into potential coordination between the Russian government and individuals associated with the Trump Campaign. ",Russian government,Trump Campaign,coordination,,,positive,,,,
14,"Separately, on August 2, 2016, Trump Campaign chairman Manafort met in New York City with his long-time business associate Kilimnik, who the FBI assesses to have ties to Russian intelligence.  ",Manafort,Kilimnik,meeting,2/8/16,,neutral,,,,
14,"Separately, on August 2, 2016, Trump Campaign chairman Manafort met in New York City with his long-time business associate Kilimnik, who the FBI assesses to have ties to Russian intelligence.  ",Kilimnik,Russian intelligence,tie,,,neutral,FBI,,,
14,"Kilimnik requested the meeting to deliver in person a peace plan for Ukraine that Manafort acknowledged to the Special Counsel's Office was a ""backdoor"" way for Russia to control part of eastern Ukraine; both men believed the plan would require candidate Trump's assent to succeed (were he to be elected President). ",Kilimnik,Manafort,meeting,2/8/16,,neutral,,,,
14,"Kilimnik requested the meeting to deliver in person a peace plan for Ukraine that Manafort acknowledged to the Special Counsel's Office was a ""backdoor"" way for Russia to control part of eastern Ukraine; both men believed the plan would require candidate Trump's assent to succeed (were he to be elected President). ",Manafort,Special Counsel's Office,acknowledgement of plan,,,neutral,,,,
14,They also discussed the status of the Trump Campaign and Manafort's strategy for winning Democratic votes in Midwestern states.,Manafort,Trump Campaign,status discussion,2/8/16,,neutral,,,,
15,"Months before that meeting, Manafort had caused internal polling data to be shared with Kilimnik, and the sharing continued for some period of time after their August meeting. ",Manafort,Kilimnik,poll data sharing,,2016,neutral,,,,
,"Fall 2016. On October 7, 2016, the media released video of candidate Trump speaking in graphic terms about women years earlier, which was considered damaging to his candidacy. ",media,Trump,video release,7/10/16,,negative,,,,
,"Less than an hour later, WikiLeaks made its second release:  thousands of John Podesta's emails that had been stolen by the GRU in late March 2016. ",WikiLeaks,John Podesta,email release,7/10/16,,negative,,,,
,"Less than an hour later, WikiLeaks made its second release:  thousands of John Podesta's emails that had been stolen by the GRU in late March 2016. ",GRU,John Podesta,email theft,16-Mar,,negative,WikiLeaks,,7/10/16,
,The FBI and other U.S. government institutions were at the time continuing their investigation of suspected Russian government efforts to interfere in the presidential election. ,FBI,U.S. government,Russian interference investigation,,2016,neutral,,,,
,The FBI and other U.S. government institutions were at the time continuing their investigation of suspected Russian government efforts to interfere in the presidential election. ,FBI,Russian government,investigation,,2016,neutral,,,,
,The FBI and other U.S. government institutions were at the time continuing their investigation of suspected Russian government efforts to interfere in the presidential election. ,U.S. government,Russian government,investigation,,2016,neutral,,,,
,The FBI and other U.S. government institutions were at the time continuing their investigation of suspected Russian government efforts to interfere in the presidential election. ,Russian government,U.S. government,election interference,,2016,negative,,,,
,"That same day, October 7, the Department of Homeland Security and the Office of the Director of National Intelligence issued a joint public statement ""that the Russian government directed the  recent compromises of e-mails from US persons and institutions, including from US political organizations.""",Department of Homeland Security,Office of the Director of National Intelligence,joint public statement,7/10/16,,neutral,,,,
,"That same day, October 7, the Department of Homeland Security and the Office of the Director of National Intelligence issued a joint public statement ""that the Russian government directed the  recent compromises of e-mails from US persons and institutions, including from US political organizations.""",Russian government,US persons,email compromise,,2016,negative,"Department of Homeland, the Office of Director of National Intelligence",,7/10/16,
,"That same day, October 7, the Department of Homeland Security and the Office of the Director of National Intelligence issued a joint public statement ""that the Russian government directed the  recent compromises of e-mails from US persons and institutions, including from US political organizations.""",Russian government,institutions,email compromise,,2016,negative,"Department of Homeland, the Office of Director of National Intelligence",,7/10/16,
,"That same day, October 7, the Department of Homeland Security and the Office of the Director of National Intelligence issued a joint public statement ""that the Russian government directed the  recent compromises of e-mails from US persons and institutions, including from US political organizations.""",Russian government,US political organizations,email compromise,,2016,negative,"Department of Homeland, the Office of Director of National Intelligence",,7/10/16,
,"Post-2016 Election. Immediately after the November 8 election, Russian government officials and prominent Russian businessmen began trying to  make inroads  into  the  new administration. ",Russian government,Russian businessmen,corporation ,,16-Nov,positive,,,,
,"Post-2016 Election. Immediately after the November 8 election, Russian government officials and prominent Russian businessmen began trying to  make inroads  into  the  new administration. ",Russian government,new administration,inroads,,16-Nov,negative,,,,
,"Post-2016 Election. Immediately after the November 8 election, Russian government officials and prominent Russian businessmen began trying to  make inroads  into  the  new administration. ",Russian businessmen,new administration,inroads,,16-Nov,negative,,,,
,The Russian embassy made contact hours after the election to congratulate the President-Elect and to arrange a call with President Putin. ,Russian embassy,President-Elect,congratulation,,16-Nov,positive,,,,
,The Russian embassy made contact hours after the election to congratulate the President-Elect and to arrange a call with President Putin. ,Putin,Russian embassy,representative,,,is part of,,,,
,"Dmitriev, the chief executive officer of Russia's sovereign wealth fund, was among the Russians who tried to make contact with the incoming administration. ",Dmitriev,incoming administration,try to contact,,,neutral,,,,
,"In early December, a business associate steered Dmitriev to Erik Prince, a supporter of the Trump Campaign and an associate of senior Trump advisor Bannon. ",Dmitriev,Erik Prince,contact,,16-Dec,neutral,,,,
,"In early December, a business associate steered Dmitriev to Erik Prince, a supporter of the Trump Campaign and an associate of senior Trump advisor Bannon. ",Erik Prince,Trump Campaign,support,,5-Jul,positive,,,,
,"In early December, a business associate steered Dmitriev to Erik Prince, a supporter of the Trump Campaign and an associate of senior Trump advisor Bannon. ",Erik Prince,Bannon,association,,,positive,,,,
,"In early December, a business associate steered Dmitriev to Erik Prince, a supporter of the Trump Campaign and an associate of senior Trump advisor Bannon. ",Bannon,Trump,senior advisor,,,positive,,,,
,Dmitriev and Prince later met face-to-face in January 2017 in the Seychelles and discussed U.S.-Russia relations.  ,Dmitriev,Prince,meeting,17-Jan,,neutral,,,,
,"During the same period, another business associate introduced Dmitriev to a friend of Kushner who had not served on the Campaign or the Transition Team. ",Dmitriev,friend of Kushner,contact,17-Jan,,neutral,,,,
,"Dmitriev and Kushner's friend collaborated on a short written reconciliation plan for the United States and Russia, which Dmitriev implied had been cleared through Putin.  ",Dmitriev,Kushner's friend,collaboration,,,neutral,,,,
,"Dmitriev and Kushner's friend collaborated on a short written reconciliation plan for the United States and Russia, which Dmitriev implied had been cleared through Putin.  ",Dmitriev,Putin,association,,,neutral,,,,
,"The friend gave that proposal to Kushner before the inauguration, and Kushner later gave copies to Bannon and incoming Secretary of State Rex Tillerson. ",The friend,Kushner,friendship,,,positive,,,,
,"The friend gave that proposal to Kushner before the inauguration, and Kushner later gave copies to Bannon and incoming Secretary of State Rex Tillerson. ",Kushner,Bannon,association,,,positive,,,,
,"The friend gave that proposal to Kushner before the inauguration, and Kushner later gave copies to Bannon and incoming Secretary of State Rex Tillerson. ",Kushner,Rex Tillerson,association,,,positive,,,,
,"On December 29, 2016, then-President Obama imposed sanctions on Russia for having interfered in the election.  ",Obama,Russia,sanction,29/12/2016,,negative,,,,
,"On December 29, 2016, then-President Obama imposed sanctions on Russia for having interfered in the election.  ",Russia,election,election interference,,2016,negative,,,,
,Incoming National Security Advisor Flynn called Russian Ambassador Kislyak and asked Russia not to escalate the situation in response to the sanctions. ,Flynn,Kislyak,call,,29/12/2016,neutral,,,,
,Incoming National Security Advisor Flynn called Russian Ambassador Kislyak and asked Russia not to escalate the situation in response to the sanctions. ,Flynn,Russia,request,,29/12/2016,neutral,,,,
,"The following day, Putin announced that Russia would not take retaliatory measures in response to the sanctions at that time.  ",Putin,Russia,president,,,is part of,,,,
,"Hours later, President-Elect Trump tweeted, ""Great move on delay (by V. Putin).""",Trump,Putin,tweet,30/12/2016,,neutral,,,,
," The next day, on December 31 , 2016, Kislyak called Flynn and told him the request had been received at the highest levels and Russia had chosen not to retaliate as a result of Flynn's request. ",Kislyak,Flynn,call,31/12/2016,,neutral,,,,
," The next day, on December 31 , 2016, Kislyak called Flynn and told him the request had been received at the highest levels and Russia had chosen not to retaliate as a result of Flynn's request. ",Russia,Flynn,request acknowledgement,31/12/2016,,neutral,Kislyak,,31/12/2016,
,"On January 6, 2017, members of the intelligence community briefed President-Elect Trump on a joint assessment-drafted and coordinated among the CIA, FBI, and NSA-that concluded with high confidence that Russia had intervened in the election through a variety of means to assist Trump's candidacy and harm Clinton's.",CIA,FBI,coordination,6/1/17,,neutral,,,,
,"On January 6, 2017, members of the intelligence community briefed President-Elect Trump on a joint assessment-drafted and coordinated among the CIA, FBI, and NSA-that concluded with high confidence that Russia had intervened in the election through a variety of means to assist Trump's candidacy and harm Clinton's.",CIA,NSA,coordination,6/1/17,,neutral,,,,
,"On January 6, 2017, members of the intelligence community briefed President-Elect Trump on a joint assessment-drafted and coordinated among the CIA, FBI, and NSA-that concluded with high confidence that Russia had intervened in the election through a variety of means to assist Trump's candidacy and harm Clinton's.",FBI,NSA,coordination,6/1/17,,neutral,,,,
,"On January 6, 2017, members of the intelligence community briefed President-Elect Trump on a joint assessment-drafted and coordinated among the CIA, FBI, and NSA-that concluded with high confidence that Russia had intervened in the election through a variety of means to assist Trump's candidacy and harm Clinton's.",CIA,President-Elect,biefing,6/1/17,,neutral,,,,
,"On January 6, 2017, members of the intelligence community briefed President-Elect Trump on a joint assessment-drafted and coordinated among the CIA, FBI, and NSA-that concluded with high confidence that Russia had intervened in the election through a variety of means to assist Trump's candidacy and harm Clinton's.",FBI,President-Elect,biefing,6/1/17,,neutral,,,,
,"On January 6, 2017, members of the intelligence community briefed President-Elect Trump on a joint assessment-drafted and coordinated among the CIA, FBI, and NSA-that concluded with high confidence that Russia had intervened in the election through a variety of means to assist Trump's candidacy and harm Clinton's.",NSA,President-Elect,biefing,6/1/17,,neutral,,,,
,"On January 6, 2017, members of the intelligence community briefed President-Elect Trump on a joint assessment-drafted and coordinated among the CIA, FBI, and NSA-that concluded with high confidence that Russia had intervened in the election through a variety of means to assist Trump's candidacy and harm Clinton's.",Russia,Trump,support,,2016,positive,,,,
,"On January 6, 2017, members of the intelligence community briefed President-Elect Trump on a joint assessment-drafted and coordinated among the CIA, FBI, and NSA-that concluded with high confidence that Russia had intervened in the election through a variety of means to assist Trump's candidacy and harm Clinton's.",Russia,Clinton,damage,,2016,negative,,,,
16,"Between mid-January 2017 and early February 2017, three congressional committees-the House Permanent Select Committee on Intelligence (HPSCI), the Senate Select Committee on Intelligence (SSCI), and the Senate Judiciary Committee (SJC)-announced that they would conduct inquiries, or had already been conducting inquiries, into Russian interference in the election. ",House Permanent Select Committee on Intelligence (HPSCI),Russian interference ,inquiry conduct,17-Jan,,neutral,,,,
,"Between mid-January 2017 and early February 2017, three congressional committees-the House Permanent Select Committee on Intelligence (HPSCI), the Senate Select Committee on Intelligence (SSCI), and the Senate Judiciary Committee (SJC)-announced that they would conduct inquiries, or had already been conducting inquiries, into Russian interference in the election. ",Senate Select Committee on Intelligence (SSCI),Russian interference ,inquiry conduct,17-Jan,,neutral,,,,
,"Between mid-January 2017 and early February 2017, three congressional committees-the House Permanent Select Committee on Intelligence (HPSCI), the Senate Select Committee on Intelligence (SSCI), and the Senate Judiciary Committee (SJC)-announced that they would conduct inquiries, or had already been conducting inquiries, into Russian interference in the election. ",Senate Judiciary Committee,Russian interference ,inquiry conduct,17-Jan,,neutral,,,,
,Then-FBI Director Comey later confirmed to Congress the existence of the FBI's investigation into Russian interference that had begun before the election. ,Comey,Congress,investigation acknowledgement,,17-Jan,neutral,,,,
,Then-FBI Director Comey later confirmed to Congress the existence of the FBI's investigation into Russian interference that had begun before the election. ,Comey,FBI,former director,,,is part of,,,,
,Then-FBI Director Comey later confirmed to Congress the existence of the FBI's investigation into Russian interference that had begun before the election. ,FBI,Russian interference ,investigation,,2016,neutral,Comey,,17-Jan,
,"On March 20, 2017, in open-session testimony before HPSCI, Comey stated: I have been authorized by the Department of Justice to confirm that the FBI, as part of our counterintelligence mission, is investigating the Russian government's efforts to interfere in the 2016 presidential election, and that includes investigating the nature of any links between individuals associated with the Trump Campaign and the Russian government and whether there was any coordination between the Campaign and Russia's efforts .... ",Comey,HPSCI,testimony,20/3/2017,,neutral,,,,
,"On March 20, 2017, in open-session testimony before HPSCI, Comey stated: I have been authorized by the Department of Justice to confirm that the FBI, as part of our counterintelligence mission, is investigating the Russian government's efforts to interfere in the 2016 presidential election, and that includes investigating the nature of any links between individuals associated with the Trump Campaign and the Russian government and whether there was any coordination between the Campaign and Russia's efforts .... ",Department of Justice,Comey,authorization,,,neutral,Comey,,20/3/2017,
,"On March 20, 2017, in open-session testimony before HPSCI, Comey stated: I have been authorized by the Department of Justice to confirm that the FBI, as part of our counterintelligence mission, is investigating the Russian government's efforts to interfere in the 2016 presidential election, and that includes investigating the nature of any links between individuals associated with the Trump Campaign and the Russian government and whether there was any coordination between the Campaign and Russia's efforts .... ",FBI,Russian government,investigation,,,neutral,Comey,,20/3/2017,
,"On March 20, 2017, in open-session testimony before HPSCI, Comey stated: I have been authorized by the Department of Justice to confirm that the FBI, as part of our counterintelligence mission, is investigating the Russian government's efforts to interfere in the 2016 presidential election, and that includes investigating the nature of any links between individuals associated with the Trump Campaign and the Russian government and whether there was any coordination between the Campaign and Russia's efforts .... ",Trump Campaign,Russian government,association,,,positive,Comey,,20/3/2017,
,"The investigation continued under then-Director Corney for the next seven weeks until May 9, 2017, when President Trump fired Comey as FBI Director-an action which is  analyzed in Volume II of the report. ",Trump,Comey,dismissal,9/5/17,,negative,,,,
,"On May 17, 2017, Acting Attorney General Rod Rosenstein appointed the Special Counsel and authorized him to conduct the investigation that Corney had confirmed in his congressional testimony, as well as matters arising directly from the investigation, and any other matters within the scope of 28 C.F.R. ยง 600.4(a), which generally covers efforts to interfere with or obstruct the investigation. ",Rod Rosenstein,Special Counsel,apointment,17/5/2017,,neutral,,,,
,"On May 17, 2017, Acting Attorney General Rod Rosenstein appointed the Special Counsel and authorized him to conduct the investigation that Corney had confirmed in his congressional testimony, as well as matters arising directly from the investigation, and any other matters within the scope of 28 C.F.R. ยง 600.4(a), which generally covers efforts to interfere with or obstruct the investigation. ",Rod Rosenstein,Special Counsel,authorization,17/5/2017,,neutral,,,,
,"On May 17, 2017, Acting Attorney General Rod Rosenstein appointed the Special Counsel and authorized him to conduct the investigation that Comey had confirmed in his congressional testimony, as well as matters arising directly from the investigation, and any other matters within the scope of 28 C.F.R. ยง 600.4(a), which generally covers efforts to interfere with or obstruct the investigation. ",Special Counsel,Comey,testimony investigation,17/5/2017,,neutral,,,,
,President Trump reacted negatively to the Special Counsel's appointment. ,Trump,Special Counsel,reaction on the appointment,,2017,negative,,,,
,"He told advisors that it was the end of his presidency, sought to have Attorney General Jefferson (Jeff) Sessions unrecuse from the Russia investigation and to have the Special Counsel removed, and engaged in efforts to curtail the Special Counsel's investigation and prevent the disclosure of evidence to it, including through public and private contacts with potential witnesses. ",He,advisors,information,,2017,neutral,,,,
,"He told advisors that it was the end of his presidency, sought to have Attorney General Jefferson (Jeff) Sessions unrecuse from the Russia investigation and to have the Special Counsel removed, and engaged in efforts to curtail the Special Counsel's investigation and prevent the disclosure of evidence to it, including through public and private contacts with potential witnesses. ",He,Sessions,plan on unrecuse,,,negative,,,,
,"He told advisors that it was the end of his presidency, sought to have Attorney General Jefferson (Jeff) Sessions unrecuse from the Russia investigation and to have the Special Counsel removed, and engaged in efforts to curtail the Special Counsel's investigation and prevent the disclosure of evidence to it, including through public and private contacts with potential witnesses. ",He,Special Counsel,plan on removal,,,negative,,,,
,"He told advisors that it was the end of his presidency, sought to have Attorney General Jefferson (Jeff) Sessions unrecuse from the Russia investigation and to have the Special Counsel removed, and engaged in efforts to curtail the Special Counsel's investigation and prevent the disclosure of evidence to it, including through public and private contacts with potential witnesses. ",He,Special Counsel,plan on curtailing the investigation,,,negative,,,,
22,"The first form of Russian election influence came principally from the Internet Research Agency, LLC (IRA), a Russian organization funded by Prigozhin and companies he controlled, including Concord Management and Consulting LLC and Concord Catering (collectively ""Concord""). ",Prigozhin,IRA,funding,,,is part of ,,,,
,"The first form of Russian election influence came principally from the Internet Research Agency, LLC (IRA), a Russian organization funded by Prigozhin and companies he controlled, including Concord Management and Consulting LLC and Concord Catering (collectively ""Concord""). ",Prigozhin,Concord Management and Consulting LLC,control,,,is part of ,,,,
,"The first form of Russian election influence came principally from the Internet Research Agency, LLC (IRA), a Russian organization funded by Prigozhin and companies he controlled, including Concord Management and Consulting LLC and Concord Catering (collectively ""Concord""). ",Prigozhin,Concord Catering,control,,,is part of ,,,,
,"The first form of Russian election influence came principally from the Internet Research Agency, LLC (IRA), a Russian organization funded by Prigozhin and companies he controlled, including Concord Management and Consulting LLC and Concord Catering (collectively ""Concord""). ",Concord Management and Consulting LLC,Concord,affiliation,,,is part of ,,,,
,"The first form of Russian election influence came principally from the Internet Research Agency, LLC (IRA), a Russian organization funded by Prigozhin and companies he controlled, including Concord Management and Consulting LLC and Concord Catering (collectively ""Concord""). ",Concord Catering,Concord,affiliation,,,is part of ,,,,
,The IRA conducted social media operations targeted at large U.S. audiences with the goal of sowing discord in the U.S. political system,IRA,U.S. audiences,media operations,,,negative,,,,
,The IRA and its employees began operations targeting the United States as early as 2014. ,IRA,United States,media operations,2014,,negative,,,,
,"Using fictitious U.S. personas, IRA employees operated social media accounts and group pages designed to attract U.S. audiences.  ",IRA,U.S. audiences,media operations,,2014,negative,,,,
,IRA employees travelled to the United States in mid-2014 on an intelligence-gathering mission to obtain information and photographs for use in their social media posts. ,IRA,United States,media operations,,2014,negative,,,,
,"By early to mid-2016, IRA operations included supporting the Trump Campaign and disparaging candidate Clinton. ",IRA,Trump Campaign,support,2016,,positive,,,,
,"By early to mid-2016, IRA operations included supporting the Trump Campaign and disparaging candidate Clinton. ",IRA,Clinton,disparage,2016,,negative,,,,
,"The IRA made various expenditures to carry out those activities, including buying political advertisements on social media in the names of U.S. persons and entities. ",IRA,U.S. persons and entities,fake identities,,,is part of ,,,,
,"Some IRA employees, posing as U.S. persons and without revealing their Russian association, communicated electronically with individuals associated with the Trump Campaign and with other political activists to seek to coordinate political activities, including the staging of political rallies.",IRA,Trump Campaign,contact via fake identities,,,neutral,,,,
,"By the end of the 2016 U.S. election, the IRA had the ability to reach millions of U.S. persons through their social media accounts.  ",IRA,U.S. persons,media operations,,2014,negative,,,,
23,"In November 2017, a Facebook representative testified that Facebook had identified 470 IRA-controlled Facebook accounts that collectively made 80,000 posts between January 2015 and August 2017. ",Facebook,IRA,identification,17-Nov,,neutral,,,,
,Facebook estimated the IRA reached as many as 126 million persons through its Face book accounts. ,Facebook,IRA,identification,,17-Nov,neutral,,,,
,"In January 2018, Twitter announced that it had identified 3,814 IRA-controlled Twitter accounts and notified approximately 1 .4 million people Twitter believed may have been in contact with an iRA-controlled account.",Twitter,IRA,identification,18-Jan,,neutral,,,,
24,"Two individuals headed the IRA's management: its general director, Mikhail Bystov, and its executive director, Mikhail Burchik",Mikhail Bystov,IRA,general director,,,is part of ,,,,
,"Two individuals headed the IRA's management: its general director, Mikhail Bystov, and its executive director, Mikhail Burchik",Mikhail Burchik,IRA,executive director,,,is part of ,,,,
,"The IRA's U.S. operations are part of a larger set of interlocking operations known as ""Project Lakhta,""",Project Lakhta,IRA,organizational project,,,is part of ,,,,
,"Until at least February 2018, Prigozhin and two Concord companies funded the IRA. ",Prigozhin,IRA,funding,,,is part of ,,,,
,"Until at least February 2018, Prigozhin and two Concord companies funded the IRA. ",Concord,IRA,funding,,,is part of ,,,,
,Prigozhin is a wealthy Russian businessman who served as the head of Concord.,Prigozhin,Concord,head officer,,,is part of ,,,,
25,Prigozhin was sanctioned by the U.S. Treasury Department in December 2016,U.S. Treasury Department,Prigozhin,sanction,16-Dec,,negative,U.S. Treasury Department,,,
27,IRA employees were aware that Prigozhin was involved in the IRA's U.S. operations,Prigozhin,IRA,involvement,,,is part of ,,,,
,"In May 2016, IRA employees, claiming to be U.S. social activists and administrators ofFacebook groups, recruited U.S. persons to hold signs (including one in front of the White House) that read ""Happy 55th Birthda Dear Boss,"" as an homa e to Pri ozhin whose 55th birthda was on June 1, 2016 ",IRA,U.S. persons,recruitment,16-May,,neutral,,,,
,"In May 2016, IRA employees, claiming to be U.S. social activists and administrators ofFacebook groups, recruited U.S. persons to hold signs (including one in front of the White House) that read ""Happy 55th Birthda Dear Boss,"" as an homa e to Prigozhin whose 55th birthda was on June 1, 2016 ",IRA,Prigozhin,homage ,16-May,,positve,Internet Research Agency Indictment ,,,
,"By the spring of 2014, the IRA began to consolidate U.S. operations within a single general department, known internally as the ""Translator"" department.","""Translator"" department",IRA,consolidation,2014,,is part of ,,,,
,"IRA subdivided the Translator Department into different responsibilities, ranging from operations on different social media platforms to analytics to graphics and IT.",Translator Department,IRA,consolidation,2014,,is part of ,,,,
29,"In June 2014, four IRA employees applied to the U.S. Department of State to enter the United States, while lying about the purpose of their trip and claiming to be four friends who had met at a party.",IRA employees,U.S. Department of State,visa application,16-Jun,,neutral,,,,
,"Ultimately, two IRA employees-Bogacheva and Krylova-received visas and entered the United States on June 4, 2014. ",Bogacheva,IRA,employment,,,is part of ,,,,
,"Ultimately, two IRA employees-Bogacheva and Krylova-received visas and entered the United States on June 4, 2014. ",Krylova,IRA,employment,,,is part of ,,,,
,"Prior to traveling, Krylova and Bogacheva compiled itineraries and instructions for the trip.",Bogacheva,Krylova,association,,,positive,,,,
,"Starting as early as 2014, the IRA's U.S. operations included social media specialists focusing on Facebook, YouTube, and Twitter.",IRA,Facebook,media platform,2014,,neutral,,,,
,"Starting as early as 2014, the IRA's U.S. operations included social media specialists focusing on Facebook, YouTube, and Twitter.",IRA,YouTube,media platform,2014,,neutral,,,,
,"Starting as early as 2014, the IRA's U.S. operations included social media specialists focusing on Facebook, YouTube, and Twitter.",IRA,Twitter,media platform,2014,,neutral,,,,
,The IRA later added specialists who operated on Tumblr and Instagram accounts.,IRA,Tumblr,media platform,2014,,neutral,,,,
,The IRA later added specialists who operated on Tumblr and Instagram accounts.,IRA,Instagram,media platform,2014,,neutral,,,,
,"Initially, the IRA created social media accounts that pretended to be the personal accounts of U.S. persons. ",IRA,U.S. persons,fake identities,,2014,is part of ,,,,
,"By early 2015, the IRA began to create larger social media groups or public social media pages that claimed (falsely) to  be affiliated with U.S. political and grassroots organizations. ",IRA,U.S. political and grassroots organizations,false affilication,2015,,is part of ,,,,
,"In certain cases, the IRA created accounts that mimicked real U.S. organizations. ",IRA,U.S. organizations,mimicking account,,2015,is part of ,,,,
,"For example, one IRA-controlled Twitter account, @TEN_ GOP, purported to be connected to the Tennessee Republican Party.",IRA,Tennessee Republican Party,connection via fake identities,,,neutral,,,,
,"More commonly, the IRA created accounts in the names of fictitious U.S. organizations and grassroots groups and used these accounts to pose as antiยญimmigration groups, Tea Party activists, Black Lives Matter protestors, and other U.S. social and political activists. ",IRA,U.S. organizations,fake identities,,2015,is part of ,,,,
31,"By February 2016, internal IRA documents referred to support for the Trump Campaign and opposition to candidate Clinton.",IRA,Trump,support,16-Feb,,positive,internal IRA documents,,,
,"By February 2016, internal IRA documents referred to support for the Trump Campaign and opposition to candidate Clinton.",IRA,Clinton,oppose,16-Feb,,negative,internal IRA documents,,,
,"For example, [Harm to Ongoing Matter] directions to IRA operators [Harm to Ongoing Matter] ""Main idea: Use any opportunity to criticize Hillary [Clinton and the rest (except Sanders and Trump - we support them).",IRA,Trump,support,16-Feb,,positive,internal IRA documents,,,
,"For example, [Harm to Ongoing Matter] directions to IRA operators [Harm to Ongoing Matter] ""Main idea: Use any opportunity to criticize Hillary [Clinton and the rest (except Sanders and Trump - we support them).",IRA,Clinton,oppose,16-Feb,,negative,internal IRA documents,,,
,"In [Harm to Ongoing Matter] 2016 internal [Harm to Ongoing Matter] reviewing the IRA-controlled Facebook group ""Secured Borders,"" the author criticized the ""lower number of posts dedicated to criticizing Clinton"" and reminded the Facebook specialist ""it is imperative to intensify criticizing Clinton.""",IRA,Clinton,critics,2016,,negative,,,,
32,IRA employees also acknowledged that their work focused on influencing the U.S. presidential election. ,IRA,U.S. presidential election,election interference,,2016,negative,,,,
,Many IRA operations used Facebook accounts created and operated by its specialists.,IRA,Facebook,media platform,,,neutral,,,,
,"IRA Facebook groups active during the 2016 Campaign covered a range of political issues and included purported conservative groups (with names such as ""Being Patriotic,"" ""Stop All Immigrants,"" ""Secured Borders,"" and ""Tea Party News""), purported Black social justice groups (""Black Matters,"" ""Blacktivist,"" and ""Don't Shoot Us""), LGBTQ groups (""LGBT United""), and religious groups (""United Muslims of America""). ",IRA,Facebook,media platform,,,neutral,,,,
33,"Throughout 2016, IRA accounts published an increasing number of materials supporting the Trump Campaign and opposing the Clinton Campaign. ",IRA,Trump Campaign,support,2016,,positive,,,,
,"Throughout 2016, IRA accounts published an increasing number of materials supporting the Trump Campaign and opposing the Clinton Campaign. ",IRA,Clinton Campaign,oppose,2016,,negative,,,,
,"To reach larger U.S. audiences, the IRA purchased advertisements from Facebook that promoted the IRA groups on the newsfeeds of U.S. audience members. ",IRA,U.S. audiences,media operations,,,negative,,,,
,"According to Facebook, the  IRA purchased over 3,500 advertisements,  and the expenditures totaled  approximately $100,000.",IRA,Facebook,media platform,,,neutral,Facebook,,,
,"As early as March 2016, the IRA purchased advertisements that overtly opposed the Clinton Campaign.  ",IRA,Clinton Campaign,oppose,16-Mar,,negative,,,,
,"For example,  on March 18,  2016, the IRA purchased an advertisement depicting candidate Clinton and a caption that read in part, ""If one day God lets this liar enter the White House as a president - that day would be a real national tragedy.""",IRA,Clinton,oppose,18/3/2016,,negative,Facebook Advertisement,,18/3/2016,
,"IRA-purchased  advertisements featuring  Clinton were, with very few exceptions, negative.",IRA,Clinton,oppose,,2016,negative,Facebook,,,
,IRA-purchased  advertisements referencing  candidate Trump largely  supported  his Campaign.  ,IRA,Trump,support,,2016,positive,,,,
,"The first known IRA advertisement explicitly endorsing the Trump Campaign was purchased on April 19, 2016. ",IRA,Trump Campaign,support,19/4/2016,,positive,,,,
,"The IRA bought an advertisement for its Instagram account ""Tea Party News"" asking U.S. persons to help them ""make a patriotic team of young Trump supporters"" by uploading photos with the hashtag ""#KIDS4TRUMP.""I",IRA,Trump,support,,2016,positive,Facebook Advertisement,,19/4/2016,
,"The IRA bought an advertisement for its Instagram account ""Tea Party News"" asking U.S. persons to help them ""make a patriotic team of young Trump supporters"" by uploading photos with the hashtag ""#KIDS4TRUMP.""I",IRA,Instagram,media platform,,2016,neutral,,,,
,"In subsequent months, the IRA purchased dozens of advertisements supporting the Trump Campaign, predominantly through the Facebook groups ""Being Patriotic,"" ""Stop All Invaders,"" and ""Secured Borders."" ",IRA,Trump Campaign,support,,2016,positive,,,,
,"In subsequent months, the IRA purchased dozens of advertisements supporting the Trump Campaign, predominantly through the Facebook groups ""Being Patriotic,"" ""Stop All Invaders,"" and ""Secured Borders."" ",IRA,Facebook,media platform,,2016,neutral,,,,
34,"Collectively, the IRA's social media accounts reached tens of millions of U.S. persons. ",IRA,U.S. persons,media operations,,2016,negative,,,,
,"For example, at the time they were deactivated by Facebook in mid-2017, the IRA's ""United Muslims of America"" Facebook group had over 300,000 followers, the ""Don't Shoot Us"" Facebook group had over 250,000 followers, the ""Being Patriotic"" Facebook group had over 200,000 followers, and the ""Secured Borders"" Facebook group had over 130,000 followers.",Facebook,IRA,deactivation,2017,,negative,Facebook,,,
,"According to Facebook, in total the IRA-controlled accounts made over 80,000 posts before their deactivation in August 2017, and these posts reached at least 29 million U.S persons and ""may have reached an estimated 126 million people.""",IRA,U.S persons,media operations,,2016,negative,"Colin Stretch, General Counsel of Facebook",,,
,"According to Facebook, in total the IRA-controlled accounts made over 80,000 posts before their deactivation in August 2017, and these posts reached at least 29 million U.S persons and ""may have reached an estimated 126 million people.""",Facebook,IRA,deactivation,2017,,negative,"Colin Stretch, General Counsel of Facebook",,,
,A number of IRA employees assigned to the Translator Department served as Twitter specialists.,Translator Department,IRA,consolidation,,2014,is part of ,,,,
,A number of IRA employees assigned to the Translator Department served as Twitter specialists.,IRA,IRA,media platform,,2014,neutral,,,,
,The IRA's Twitter operations involved two strategies. ,IRA,Twitter,media platform,,2014,neutral,,,,
,"First, IRA specialists operated certain Twitter accounts to create individual U.S. personas",IRA,Twitter,media platform,,2014,neutral,,,,
,"Separately, the IRA operated a network of automated Twitter accounts (commonly referred to as a bot network) that enabled the IRA to amplify existing content on Twitter.",IRA,Twitter,media platform,,2014,neutral,,,,
35,"The IRA operated individualized Twitter accounts similar to the operation of its Facebook accounts, by continuously posting original content to the accounts while also communicating with U.S. Twitter users directly (through public tweeting or Twitter's private messaging). ",IRA,Twitter,media platform,,2014,neutral,,,,
,"The IRA operated individualized Twitter accounts similar to the operation of its Facebook accounts, by continuously posting original content to the accounts while also communicating with U.S. Twitter users directly (through public tweeting or Twitter's private messaging). ",IRA,Facebook,media platform,,2014,neutral,,,,
,The IRA used many of these accounts to attempt to influence U.S. audiences on the election.  ,IRA,U.S. audiences,media operations,,2014,negative,,,,
,"In May 2016, the IRA created the Twitter account march_for_trump, which promoted IRA-organized rallies in support of the Trump Campaign (described below). ",IRA,Twitter,media platform,16-May,,neutral,,,,
,"In May 2016, the IRA created the Twitter account march_for_trump, which promoted IRA-organized rallies in support of the Trump Campaign (described below). ",IRA,Trump Campaign,support,16-May,,positive,Twitter  ,,30/5/2016,
,"Using these accounts and others, the IRA provoked reactions from users and the media. ",IRA,users,media operations,,2014,negative,Twitter  ,,,
,U.S. media outlets also quoted tweets from IRA-controlled accounts and attributed them to the reactions of real U.S. persons.,U.S. media,IRA,tweet quote,,,neutral,Josephine Lukito & Chris Wells; Washington Post; U.S. News & World Report,,8/3/2016; 15/1/2016; 12/12/2016,
36,Multiple individuals affiliated with the Trump Campaign also promoted IRA tweets (discussed below).,Trump Campaign,IRA,tweet response,,,neutral,,,,
,"In January 2018, Twitter publicly identified 3,814 Twitter accounts associated with the IRA.",Twitter,IRA,identification,18-Jan,,neutral,Eli Rosenberg,,19/1/2019,
37,Twitter also announced that it had notified approximately 1.4 million people who Twitter believed may have been in contact with an IRA-controlled account.,Twitter,IRA,identification,,,neutral,Twitter  ,,31/1/2018,
,The IRA organized and promoted political rallies inside the United States while posing as U.S. grassroots activists.  ,IRA,U.S. grassroots activists,fake identities,,,is part of ,,,,
,"First, the IRA used one of its  preexisting social media personas (Facebook groups and Twitter accounts, for example) to announce and promote the event.  ",IRA,Facebook,media platform,,,neutral,,,,
,"First, the IRA used one of its  preexisting social media personas (Facebook groups and Twitter accounts, for example) to announce and promote the event.  ",IRA,Twitter,media platform,,,neutral,,,,
,The Office identified dozens of U.S. rallies organized by the IRA.,The Office,IRA,identification,,,neutral,,,,
39,"From June 2016 until the end of the presidential Campaign, almost all of the U.S. rallies organized by the IRA focused on the U.S. election, often promoting the Trump Campaign and opposing the Clinton Campaign. ",IRA,Trump Campaign,support,16-Jun,,positive,,,,
,"From June 2016 until the end of the presidential Campaign, almost all of the U.S. rallies organized by the IRA focused on the U.S. election, often promoting the Trump Campaign and opposing the Clinton Campaign. ",IRA,Clinton Campaign,oppose,16-Jun,,negative,,,,
,"As early as 2014, the IRA instructed its employees to target U.S. persons who could be used to advance its operational goals. ",IRA,U.S. persons,recruitment,2014,,neutral,,,,
,"Initially, recruitment focused on U.S. persons who could amplify the content posted by the IRA. ",IRA,U.S. persons,recruitment,2014,,neutral,,,,
,"IRA employees frequently used Twitter, Facebook, and Instagram to contact and recruit U.S. persons who followed the group. The IRA recruited U.S. persons from across the political spectrum.",IRA,U.S. persons,recruitment,2014,,neutral,,,,
,"IRA employees frequently used Twitter, Facebook, and Instagram to contact and recruit U.S. persons who followed the group. The IRA recruited U.S. persons from across the political spectrum.",IRA,Twitter,media platform,2014,,neutral,,,,
,"IRA employees frequently used Twitter, Facebook, and Instagram to contact and recruit U.S. persons who followed the group. The IRA recruited U.S. persons from across the political spectrum.",IRA,Facebook,media platform,2014,,neutral,,,,
,"IRA employees frequently used Twitter, Facebook, and Instagram to contact and recruit U.S. persons who followed the group. The IRA recruited U.S. persons from across the political spectrum.",IRA,Instagram,media platform,2014,,neutral,,,,
,"The IRA also recruited moderators of conservative social media groups to promote IRA-generated content, as well as recruited individuals to perform political acts (such as walking around New York City dressed up as Santa Claus with a Trump mask). ",IRA,moderators of conservative social media groups,hire,,,neutral,Facebook Message,,19/8/2016,
,"[] as the IRA's online audience became larger, the IRA tracked U.S. persons with whom they communicated and had successfully tasked  with tasks ran in  from or anizin  rallies to takin  ictures with certain  political messages .",IRA,U.S. persons,tracking,,,neutral,,,,
41,The investigation identified two different forms of connections between the IRA and members of the Trump Campaign.,IRA,Trump Campaign,connection,,,neutral,,,,
,(The investigation identified no similar connections between the IRA and the Clinton Campaign.)  ,IRA,Clinton Campaign,(no) connection,,,neutral,,,,
,"First, on multiple occasions, members and surrogates of the Trump Campaign promoted-typically by linking, retweeting, or similar methods of repostingยญpro-Trump or anti-Clinton content published by the IRA through IRA-controlled social media accounts. ",Trump Campaign,Trump,support,,,positive,,,,
,"First, on multiple occasions, members and surrogates of the Trump Campaign promoted-typically by linking, retweeting, or similar methods of repostingยญpro-Trump or anti-Clinton content published by the IRA through IRA-controlled social media accounts. ",Trump Campaign,Clinton,oppose,,,negative,,,,
,"First, on multiple occasions, members and surrogates of the Trump Campaign promoted-typically by linking, retweeting, or similar methods of repostingยญpro-Trump or anti-Clinton content published by the IRA through IRA-controlled social media accounts. ",Trump Campaign,IRA,connection,,,neutral,,,,
,"First, on multiple occasions, members and surrogates of the Trump Campaign promoted-typically by linking, retweeting, or similar methods of repostingยญpro-Trump or anti-Clinton content published by the IRA through IRA-controlled social media accounts. ",IRA,Trump,support,,,positive,,,,
,"First, on multiple occasions, members and surrogates of the Trump Campaign promoted-typically by linking, retweeting, or similar methods of repostingยญpro-Trump or anti-Clinton content published by the IRA through IRA-controlled social media accounts. ",IRA,Clinton,oppose,,,negative,,,,
,"Additionally, in a few instances, IRA employees represented themselves as U.S. persons to communicate with members of the Trump Campaign in an effort to seek assistance and coordination on IRA-organized political rallies inside the United States.  ",IRA,U.S. persons,fake identities,,,neutral,,,,
,"Additionally, in a few instances, IRA employees represented themselves as U.S. persons to communicate with members of the Trump Campaign in an effort to seek assistance and coordination on IRA-organized political rallies inside the United States.  ",Trump Campaign,IRA,assistance,,,positive,,,,
,"Among the U.S. ""leaders of public opinion"" targeted by the IRA were various members and surrogates of the Trump Campaign. ",IRA,surrogates of the Trump Campaign,target,,,positive,,,,
,"In total, Trump Campaign affiliates promoted dozens of tweets, posts, and other political content created by the IRA. ",Trump Campaign,IRA,promotion,,,positive,,,,
,"Posts from the IRA-controlled Twitter account @TEN_GOP were cited or retweeted by multiple Trump Campaign officials and surrogates, including Donald J. Trump Jr., Eric Trump, Kellyanne Conway, Brad Parscale, and Michael T. Flynn.",Donald J. Trump Jr.,IRA,twitter response,2016,,positive,Twitter  ,,2016,
,"Posts from the IRA-controlled Twitter account @TEN_GOP were cited or retweeted by multiple Trump Campaign officials and surrogates, including Donald J. Trump Jr., Eric Trump, Kellyanne Conway, Brad Parscale, and Michael T. Flynn.",Eric Trump,IRA,twitter response,20/10/2016,,positive,Twitter  ,,20/10/2016,
,"Posts from the IRA-controlled Twitter account @TEN_GOP were cited or retweeted by multiple Trump Campaign officials and surrogates, including Donald J. Trump Jr., Eric Trump, Kellyanne Conway, Brad Parscale, and Michael T. Flynn.",Kellyanne Conway,IRA,twitter response,6/11/16,,positive,Twitter  ,,6/11/16,
,"Posts from the IRA-controlled Twitter account @TEN_GOP were cited or retweeted by multiple Trump Campaign officials and surrogates, including Donald J. Trump Jr., Eric Trump, Kellyanne Conway, Brad Parscale, and Michael T. Flynn.",Brad Parscale,IRA,twitter response,15/10/2016,,positive,Twitter  ,,15/10/2016,
,"Posts from the IRA-controlled Twitter account @TEN_GOP were cited or retweeted by multiple Trump Campaign officials and surrogates, including Donald J. Trump Jr., Eric Trump, Kellyanne Conway, Brad Parscale, and Michael T. Flynn.",Michael T. Flynn,IRA,twitter response,7/11/16,,positive,Twitter  ,,7/11/16,
42,"These posts included allegations of voter fraud, 101 as well as allegations that Secretary Clinton had mishandled classified information.",posts,Clinton,allegation,6/11/16,,positive,Twitter  ,,6/11/16,
,"A November 7, 2016 post from the IRA-controlled Twitter account @Pamela_Moorel3 was retweeted by Donald J. Trump Jr.",Donald J. Trump Jr.,IRA,twitter response,7/11/16,,positive,Twitter,,7/11/16,
,"On September 19, 2017, President Trump's personal account @realDonaldTrump responded to a tweet from the IRA-controlled account @10_gop (the backup account of @TEN GOP, which had already been deactivated by Twitter). ",President Trump,IRA,twitter response,19/9/2017,,positive,Twitter,,19/9/2017,
,"The tweet read: ""We love you, Mr. President!""",tweet,Mr. President,support,19/9/2017,,positive,Twitter,,19/9/2017,
,"IRA employees monitored the reaction of the Trump Campaign and, later, Trump Administration officials to their tweets. ",IRA,Trump Campaign,monitor,,2016,neutral,,,,
,"IRA employees monitored the reaction of the Trump Campaign and, later, Trump Administration officials to their tweets. ",IRA,Trump Administration,monitor,,2017,neutral,,,,
,"For example, on August 23, 2016, the IRA-controlled persona ""Matt Skiber"" Facebook account sent a message to a U.S. Tea Party activist, writing that ""Mr. Trump posted about our event in Miami! This is great!""",IRA,a U.S. Tea Party activist,facebook message,23/8/2016,,neutral,Facebook,,23/8/2016,
,"The IRA employee included a screenshot of candidate Trump's Facebook account, which included a post about the August 20, 2016 political rallies organized by the IRA.",Trump,IRA,facebook post,20/8/2016,,positive,facebook,,20/8/2016,
43,"Starting in June 2016, the IRA contacted different U.S. persons affiliated with the Trump Campaign in an effort to coordinate pro-Trump IRA-organized rallies inside the United States. ",IRA,persons affiliated with the Trump Campaign,contact via fake identities,16-Jun,,neutral,,,,
,"In all cases, the IRA contacted the Campaign while claiming to be U.S. political activists working on behalf of a conservative grassroots organization. ",IRA,Campaign,contact via fake identities,16-Jun,,neutral,,,,
," While certain Campaign volunteers agreed to provide the requested support (for example, agreeing to set aside a number of signs), the investigation has not identified evidence that any Trump Campaign official understood the requests were coming from foreign nationals. ",Campaign,foreign nationals,(no) identification,,,neutral,,,,
,"In sum, the investigation established that Russia interfered in the 2016 presidential election through the ""active measures"" social media Campaign carried out by the IRA, an organization funded by Prigozhin and companies that he controlled. ",IRA,2016 presidential election,election interference,2016,,negative,,,,
,"In sum, the investigation established that Russia interfered in the 2016 presidential election through the ""active measures"" social media Campaign carried out by the IRA, an organization funded by Prigozhin and companies that he controlled. ",IRA,Russia,representative,,,is part of ,,,,
,"In sum, the investigation established that Russia interfered in the 2016 presidential election through the ""active measures"" social media Campaign carried out by the IRA, an organization funded by Prigozhin and companies that he controlled. ",Prigozhin,IRA,funding,,,is part of ,,,,
,"As explained further in Volume I, Section V.A, infra, the Office concluded (and a grand jury has alleged) that Prigozhin, his companies, and IRA employees violated U.S. law through these operations, principally by undermining through deceptive acts the work of federal agencies charged with regulating foreign influence in U.S. elections",IRA,U.S. elections,election interference,2016,,negative,,,,
,"As explained further in Volume I, Section V.A, infra, the Office concluded (and a grand jury has alleged) that Prigozhin, his companies, and IRA employees violated U.S. law through these operations, principally by undermining through deceptive acts the work of federal agencies charged with regulating foreign influence in U.S. elections",Prigozhin,U.S. elections,election interference,2016,,negative,,,,